Workbook

Sheet Marchés
A1: Intitulé | B1: Référence | C1: Nature de prestations | D1: Libellé Activité | E1: Taux (%) minimum à concéder aux sénégalais | F1: Régime | G1: Date prévue de lancement | H1: Date prévue d'attribution | I1: Descrption du marché | J1: Normes et standards applicables
A2: Selection d'un topographe | B2: T_Ref001 | C2: =VLOOKUP($D2,'Validation des données'!$A$1:$D$55,2,FALSE) -> Travaux | D2: Levés topographiques | E2: =VLOOKUP($D2,'Validation des données'!$A$2:$D$55,4,FALSE) -> 50 | F2: =VLOOKUP($D2,'Validation des données'!$A$2:$D$55,3,FALSE) -> Mixte | G2: 44562 | H2: 04/11/2022
A3: Travaux de sondage | B3: S_Ref001 | C3: =VLOOKUP($D3,'Validation des données'!$A$1:$D$55,2,FALSE) -> Services | D3: Hébergement | E3: =VLOOKUP($D3,'Validation des données'!$A$2:$D$55,4,FALSE) -> 100 | F3: =VLOOKUP($D3,'Validation des données'!$A$2:$D$55,3,FALSE) -> Exclusif | G3: 44563 | H3: 04/11/2023
A4: Marche d'approvisionnement en fuel | B4: F_Ref001 | C4: =VLOOKUP($D4,'Validation des données'!$A$1:$D$55,2,FALSE) -> Fournitures | D4: Carburants et lubrifiants | E4: =VLOOKUP($D4,'Validation des données'!$A$2:$D$55,4,FALSE) -> 30 | F4: =VLOOKUP($D4,'Validation des données'!$A$2:$D$55,3,FALSE) -> Mixte | G4: 44564 | H4: 04/11/2024
C5: =VLOOKUP($D5,'Validation des données'!$A$1:$D$55,2,FALSE) -> #N/A | E5: =VLOOKUP($D5,'Validation des données'!$A$2:$D$55,4,FALSE) -> #N/A | F5: =VLOOKUP($D5,'Validation des données'!$A$2:$D$55,3,FALSE) -> #N/A
C6: =VLOOKUP($D6,'Validation des données'!$A$1:$D$55,2,FALSE) -> #N/A | E6: =VLOOKUP($D6,'Validation des données'!$A$2:$D$55,4,FALSE) -> #N/A | F6: =VLOOKUP($D6,'Validation des données'!$A$2:$D$55,3,FALSE) -> #N/A
C7: =VLOOKUP($D7,'Validation des données'!$A$1:$D$55,2,FALSE) -> #N/A | E7: =VLOOKUP($D7,'Validation des données'!$A$2:$D$55,4,FALSE) -> #N/A | F7: =VLOOKUP($D7,'Validation des données'!$A$2:$D$55,3,FALSE) -> #N/A
C8: =VLOOKUP($D8,'Validation des données'!$A$1:$D$55,2,FALSE) -> #N/A | E8: =VLOOKUP($D8,'Validation des données'!$A$2:$D$55,4,FALSE) -> #N/A | F8: =VLOOKUP($D8,'Validation des données'!$A$2:$D$55,3,FALSE) -> #N/A
C9: =VLOOKUP($D9,'Validation des données'!$A$1:$D$55,2,FALSE) -> #N/A | E9: =VLOOKUP($D9,'Validation des données'!$A$2:$D$55,4,FALSE) -> #N/A | F9: =VLOOKUP($D9,'Validation des données'!$A$2:$D$55,3,FALSE) -> #N/A
C10: =VLOOKUP($D10,'Validation des données'!$A$1:$D$55,2,FALSE) -> #N/A | E10: =VLOOKUP($D10,'Validation des données'!$A$2:$D$55,4,FALSE) -> #N/A | F10: =VLOOKUP($D10,'Validation des données'!$A$2:$D$55,3,FALSE) -> #N/A
C11: =VLOOKUP($D11,'Validation des données'!$A$1:$D$55,2,FALSE) -> #N/A | E11: =VLOOKUP($D11,'Validation des données'!$A$2:$D$55,4,FALSE) -> #N/A | F11: =VLOOKUP($D11,'Validation des données'!$A$2:$D$55,3,FALSE) -> #N/A
C12: =VLOOKUP($D12,'Validation des données'!$A$1:$D$55,2,FALSE) -> #N/A | E12: =VLOOKUP($D12,'Validation des données'!$A$2:$D$55,4,FALSE) -> #N/A | F12: =VLOOKUP($D12,'Validation des données'!$A$2:$D$55,3,FALSE) -> #N/A
C13: =VLOOKUP($D13,'Validation des données'!$A$1:$D$55,2,FALSE) -> #N/A | E13: =VLOOKUP($D13,'Validation des données'!$A$2:$D$55,4,FALSE) -> #N/A | F13: =VLOOKUP($D13,'Validation des données'!$A$2:$D$55,3,FALSE) -> #N/A
C14: =VLOOKUP($D14,'Validation des données'!$A$1:$D$55,2,FALSE) -> #N/A | E14: =VLOOKUP($D14,'Validation des données'!$A$2:$D$55,4,FALSE) -> #N/A | F14: =VLOOKUP($D14,'Validation des données'!$A$2:$D$55,3,FALSE) -> #N/A
C15: =VLOOKUP($D15,'Validation des données'!$A$1:$D$55,2,FALSE) -> #N/A | E15: =VLOOKUP($D15,'Validation des données'!$A$2:$D$55,4,FALSE) -> #N/A | F15: =VLOOKUP($D15,'Validation des données'!$A$2:$D$55,3,FALSE) -> #N/A
C16: =VLOOKUP($D16,'Validation des données'!$A$1:$D$55,2,FALSE) -> #N/A | E16: =VLOOKUP($D16,'Validation des données'!$A$2:$D$55,4,FALSE) -> #N/A | F16: =VLOOKUP($D16,'Validation des données'!$A$2:$D$55,3,FALSE) -> #N/A
... C115: =VLOOKUP($D115,'Validation des données'!$A$1:$D$55,2,FALSE) -> #N/A | E115: =VLOOKUP($D115,'Validation des données'!$A$2:$D$55,4,FALSE) -> #N/A | F115: =VLOOKUP($D115,'Validation des données'!$A$2:$D$55,3,FALSE) -> #N/A

Sheet Validation des données
A1: Libellé Activité | B1: Nature de prestations | C1: Régime | D1: Taux (%) minimum à concéder aux sénégalais | E1: Numero ligne
A2: Levés géophysiques au sol | B2: Travaux | C2: Mixte | D2: 50 | E2: 01
A3: Levés topographiques | B3: Travaux | C3: Mixte | D3: 50 | E3: 02
A4: Levés pour la cartographie géologique | B4: Travaux | C4: Mixte | D4: 50 | E4: 03
A5: Levés géochimiques | B5: Travaux | C5: Mixte | D5: 50 | E5: 04
A6: Sondage minier | B6: Travaux | C6: Mixte | D6: 60 | E6: 05
A7: Forage de contrôle de teneur | B7: Travaux | C7: Mixte | D7: 35 | E7: 06
A8: Forage de dynamitage | B8: Travaux | C8: Mixte | D8: 30 | E8: 07
A9: Entretien des pistes | B9: Travaux | C9: Exclusif | D9: 100 | E9: 08
A10: Soudure | B10: Services | C10: Mixte | D10: 85 | E10: 09
A11: Chargement du minerai | B11: Travaux | C11: Exclusif | D11: 100 | E11: 10
A12: Extraction du minerai | B12: Travaux | C12: Mixte | D12: 50 | E12: 11
... A24: Élaboration et mise en œuvre des plans de reprise des activités et du plan de continuité d’activités (système d’informations) | B24: Services | C24: Mixte | D24: 50 | E24: 23
A25: Réalisation de cartographie des risques de sécurité des systèmes d’information | B25: Services | C25: Mixte | D25: 50 | E25: 24
A26: Restauration | B26: Services | C26: Exclusif | D26: 100 | E26: 25
A27: Gardiennage/sécurité | B27: Services | C27: Exclusif | D27: 100 | E27: 26
A28: Frêt | B28: Services | C28: Mixte | D28: 60 | E28: 27
A29: Transit | B29: Services | C29: Mixte | D29: 60 | E29: 28
A30: Logistique (transport, commande locale) | B30: Services | C30: Mixte | D30: 70 | E30: 29
A31: Projection thermique | B31: Services | C31: Mixte | D31: 40 | E31: 30
A32: Assurances / Ré-assurrances | B32: Services | C32: Exclusif | D32: 100 | E32: 31
A33: Transport terrestre du minerai | B33: Services | C33: Exclusif | D33: 100 | E33: 32
A34: Transport de concentré ou de grenu | B34: Services | C34: Mixte | D34: 50 | E34: 33
A35: Construction de parcs à résidus (travaux de terrassement) | B35: Travaux | C35: Exclusif | D35: 100 | E35: 34
A36: Conception, correction et évolution progiciel et logiciel | B36: Services | C36: Mixte | D36: 50 | E36: 35
A37: Audit, diagnostic du système d’information | B37: Services | C37: Mixte | D37: 50 | E37: 36
... A65: Literie / linge de maison | B65: Fournitures | C65: Exclusif | D65: 100 | E65: 64
